Date,Closed PnL,Size USD,Account,Trade ID,Fee,Daily_Win_Rate,value,classification,Next_Day_Profitable,Cumulative_PnL
2023-05-01,0.0,477.0,1,3,0.0,0.0,63,Greed,0,0.0
2023-12-05,0.0,50005.83,1,9,12.501455,0.0,75,Extreme Greed,0,0.0
2023-12-14,-205.43473700000007,113203.35,1,11,28.300831000000002,0.36363636363636365,72,Greed,0,-205.43473700000007
2023-12-15,-24.632033999999997,10609.95,1,2,2.652489,0.0,70,Greed,0,-230.06677100000007
2023-12-16,0.0,15348.77,1,3,3.8371890000000004,0.0,67,Greed,1,-230.06677100000007
2023-12-17,304.982785,116278.02,1,14,29.069499,0.5,73,Greed,0,74.9160139999999
2023-12-18,0.0,31164.179999999997,1,2,7.791045,0.0,65,Greed,1,74.9160139999999
2023-12-19,1000.5386120000001,91602.41,1,15,22.900596,0.6666666666666666,73,Greed,1,1075.454626
2023-12-20,162.732282,141636.79,1,18,35.409187,0.4444444444444444,74,Greed,1,1238.186908
2023-12-21,537.211402,125233.97,1,49,31.308469,0.5306122448979592,70,Greed,1,1775.39831
2023-12-22,141.832675,88874.28,1,10,22.218566000000003,0.2,74,Greed,1,1917.2309850000001
2023-12-23,146.936704,78438.25,1,13,19.609555,0.6153846153846154,70,Greed,1,2064.1676890000003
2023-12-24,1008.619956,402954.94,1,39,100.738715,0.38461538461538464,71,Greed,0,3072.7876450000003
2023-12-25,-245.081348,59948.51,1,3,14.987124999999999,0.0,73,Greed,0,2827.706297
2023-12-27,-704.8892269999999,171411.06,1,28,42.852747,0.14285714285714285,73,Greed,0,2122.81707
2023-12-28,-970.730876,100117.25,1,23,25.0293,0.0,73,Greed,1,1152.086194
2023-12-29,508.92214299999995,569559.72,1,50,142.389901,0.3,65,Greed,1,1661.008337
2023-12-30,354.998648,702550.21,1,52,175.637526,0.4423076923076923,68,Greed,0,2016.006985
2024-01-01,-129.53146,264239.52999999997,1,18,66.059867,0.05555555555555555,65,Greed,1,1886.475525
2024-01-02,783.979116,121348.74,1,17,30.337176,0.47058823529411764,71,Greed,1,2670.4546410000003
2024-01-03,866.015507,394499.36,1,67,98.624811,0.417910447761194,70,Greed,0,3536.4701480000003
2024-01-04,-67.60364,99792.54000000001,1,5,24.948132,0.0,68,Greed,1,3468.8665080000005
2024-01-05,164.141565,1703942.66,1,66,425.985639,0.19696969696969696,72,Greed,1,3633.0080730000004
2024-01-06,135.58166400000002,298521.4,1,22,74.630342,0.45454545454545453,70,Greed,0,3768.5897370000002
2024-01-07,-835.681235,1048850.06,1,97,262.212464,0.09278350515463918,71,Greed,0,2932.908502
2024-01-08,-269.874439,1522452.43,1,128,380.613064,0.25,71,Greed,0,2663.034063
2024-01-09,-826.349863,870051.97,1,70,204.012928,0.2571428571428571,76,Extreme Greed,0,1836.6842000000001
2024-01-10,-1517.091342,2057479.48,1,193,434.044865,0.21243523316062177,73,Greed,0,319.5928580000002
2024-01-11,-164.08950099999998,305314.1,2,21,75.867171,0.23809523809523808,76,Extreme Greed,0,155.50335700000022
2024-01-12,-1925.519024,200082.27,1,7,49.480726999999995,0.0,71,Greed,1,-1770.0156669999997
2024-01-15,152.85358,50636.1,2,14,12.652712,0.6428571428571429,52,Neutral,0,-1617.1620869999997
2024-01-16,-2299.171458,116427.33,2,9,17.319309,0.3333333333333333,64,Greed,1,-3916.3335449999995
2024-01-17,813.2741110000001,800831.03,1,53,159.707606,0.20754716981132076,60,Greed,1,-3103.0594339999993
2024-01-18,68.93319,424631.52999999997,1,46,92.657901,0.06521739130434782,63,Greed,0,-3034.126243999999
2024-01-19,-385.419235,428428.97,2,48,93.051868,0.125,51,Neutral,0,-3419.545478999999
2024-01-20,-146.57487000000003,1070090.51,1,106,267.522583,0.14150943396226415,52,Neutral,1,-3566.120348999999
2024-01-21,266.58114600000005,103129.74,1,11,25.78243,0.2727272727272727,56,Greed,1,-3299.539202999999
2024-01-22,1375.640959,337878.99,2,85,67.478268,0.27058823529411763,55,Greed,0,-1923.8982439999988
2024-01-23,-369.2447299999998,414518.93000000005,1,45,85.72457,0.24444444444444444,50,Neutral,0,-2293.1429739999985
2024-01-24,-2808.353815,965084.59,1,68,227.771095,0.14705882352941177,48,Neutral,0,-5101.496788999999
2024-01-25,-3093.6293849999997,66566.13,1,6,16.641532,0.0,52,Neutral,1,-8195.126173999999
2024-01-26,90.2,11773.21,2,5,0.444235,0.2,49,Neutral,0,-8104.926173999999
2024-01-28,-2478.06972,18109.03,1,11,-0.362176,0.0,54,Neutral,1,-10582.995894
2024-01-29,486.562542,414208.18,2,74,103.26260500000001,0.6081081081081081,55,Greed,0,-10096.433352
2024-01-30,-173.65419100000003,401011.38,1,49,100.25281,0.10204081632653061,61,Greed,0,-10270.087543
2024-01-31,-799.840817,6305647.13,1,859,1549.411475,0.2689173457508731,60,Greed,0,-11069.92836
2024-02-01,0.0,2008.18,1,6,0.5020439999999999,0.0,63,Greed,1,-11069.92836
2024-02-02,456.423473,474278.43,1,42,91.569636,0.30952380952380953,63,Greed,1,-10613.504887
2024-02-03,223.30918699999998,603820.0,1,56,109.662349,0.10714285714285714,60,Greed,1,-10390.195699999998
2024-02-04,47.62389499999999,203187.53,1,35,50.52688,0.2571428571428571,60,Greed,0,-10342.571804999998
2024-02-05,-33.45419400000003,770198.26,1,72,165.549465,0.19444444444444445,60,Greed,0,-10376.025998999998
2024-02-06,-215.615907,8047153.41,1,1088,988.606997,0.1645220588235294,64,Greed,1,-10591.641905999997
2024-02-07,241.24212,6758.73,1,15,0.339693,0.13333333333333333,62,Greed,1,-10350.399785999996
2024-02-08,770.756024,26051.12,1,10,3.0028870000000003,0.4,66,Greed,1,-9579.643761999996
2024-02-11,983.443176,212311.82,1,34,24.955292,0.20588235294117646,71,Greed,1,-8596.200585999995
2024-02-12,913.8817869999998,227247.69999999998,1,16,27.111911,0.375,70,Greed,1,-7682.318798999995
2024-02-13,559.44389,1999.99,1,14,-0.039992,1.0,79,Extreme Greed,1,-7122.874908999995
2024-02-14,3830.599833,320839.88,2,111,22.917474000000002,0.7477477477477478,74,Greed,1,-3292.2750759999944
2024-02-15,1840.797677,185188.04,2,63,30.706297,0.9047619047619048,72,Greed,1,-1451.4773989999944
2024-02-16,5491.768834,564896.51,2,182,27.22517,0.8021978021978022,72,Greed,1,4040.291435000006
2024-02-17,1929.6418,406118.07,2,94,62.055053,0.648936170212766,76,Extreme Greed,1,5969.933235000006
2024-02-18,477.6248299999999,157048.17,1,97,-3.140925,0.6288659793814433,72,Greed,1,6447.558065000006
2024-02-19,4317.768563,286377.2,2,101,14.85262,0.7623762376237624,75,Extreme Greed,1,10765.326628000006
2024-02-20,3263.628824,119419.72,2,39,3.073675,0.7948717948717948,72,Greed,1,14028.955452000006
2024-02-21,1858.7985700000002,108047.51999999999,2,22,2.970629,0.6818181818181818,78,Extreme Greed,1,15887.754022000006
2024-02-22,3894.1050699999996,373033.87,2,88,25.45258,0.45454545454545453,74,Greed,1,19781.859092000006
2024-02-23,1418.55293,111106.14,1,143,-2.067069,0.958041958041958,76,Extreme Greed,0,21200.412022000008
2024-02-25,-30.7705,4480.13,1,5,-0.0896,0.0,74,Greed,1,21169.64152200001
2024-02-26,4416.8473,192187.14,2,39,-0.09772499999999981,0.8717948717948718,72,Greed,1,25586.48882200001
2024-02-27,888.511733,209362.3,2,63,-3.761609,0.4126984126984127,79,Extreme Greed,1,26475.00055500001
2024-02-28,2503.747235,171107.13,1,45,-1.377152,0.8666666666666667,82,Extreme Greed,1,28978.74779000001
2024-02-29,9813.996992,395666.73,2,116,1.3590849999999999,0.8620689655172413,80,Extreme Greed,1,38792.74478200001
2024-03-01,8244.241409,472974.7,1,137,-0.546854,0.9343065693430657,80,Extreme Greed,1,47036.98619100001
2024-03-02,230.90060000000005,63197.56,2,31,-0.4691290000000001,0.6774193548387096,80,Extreme Greed,1,47267.88679100001
2024-03-03,8361.086245,390745.68,1,79,-2.507103,0.6835443037974683,83,Extreme Greed,1,55628.97303600001
2024-03-04,27799.775742,1577996.87,2,300,-0.559449,0.8866666666666667,82,Extreme Greed,1,83428.74877800001
2024-03-05,19791.026041,841810.32,1,180,-4.438459,0.9055555555555556,90,Extreme Greed,1,103219.77481900001
2024-03-06,6814.825139,327218.02,1,82,-3.355318,0.8780487804878049,75,Extreme Greed,1,110034.599958
2024-03-08,4271.886236,183583.18,1,67,-3.6716290000000003,0.8805970149253731,81,Extreme Greed,1,114306.48619400001
2024-03-09,9949.501624,658178.75,1,117,1.8517640000000002,0.8290598290598291,84,Extreme Greed,1,124255.98781800001
2024-03-10,2482.9272,219973.85,1,42,2.281072,0.6904761904761905,79,Extreme Greed,1,126738.91501800001
2024-03-11,3588.179495,176519.44999999998,1,42,8.47289,0.9285714285714286,82,Extreme Greed,1,130327.09451300002
2024-03-12,3039.166,103040.85,1,8,4.945953,0.875,81,Extreme Greed,0,133366.26051300002
2024-03-13,0.0,6000.799999999999,1,7,2.100278,0.0,81,Extreme Greed,1,133366.26051300002
2024-03-14,3465.865832,205933.18,2,18,11.716792,0.8888888888888888,88,Extreme Greed,1,136832.12634500003
2024-03-15,6236.513651,351894.41,3,62,49.485003,0.6612903225806451,83,Extreme Greed,1,143068.639996
2024-03-16,228.57984,37223.66,2,8,10.52828,0.125,81,Extreme Greed,1,143297.219836
2024-03-17,503.293955,99506.95,3,23,33.763329,0.43478260869565216,79,Extreme Greed,1,143800.513791
2024-03-18,1456.9577,90458.08,3,19,24.943279999999998,0.3157894736842105,77,Extreme Greed,1,145257.471491
2024-03-19,668.797973,219884.84,3,24,25.988312,0.20833333333333334,79,Extreme Greed,1,145926.269464
2024-03-20,6423.134599,215705.85,2,69,39.878838,0.8695652173913043,74,Greed,1,152349.40406300002
2024-03-21,2335.5080749999997,117895.57,3,28,16.394750000000002,0.8214285714285714,78,Extreme Greed,1,154684.912138
2024-03-24,1297.018477,92592.20999999999,1,19,8.888837,0.7894736842105263,74,Greed,1,155981.93061500002
2024-03-25,1302.916428,57116.32,1,7,19.990712,0.8571428571428571,75,Extreme Greed,1,157284.84704300002
2024-03-26,3215.906593,198565.19,2,118,28.147402999999997,0.9322033898305084,81,Extreme Greed,1,160500.753636
2024-03-27,150.41114,99864.79,2,38,31.717952,0.3157894736842105,83,Extreme Greed,1,160651.16477600002
2024-03-28,227.85100799999998,35323.72,2,13,9.059229,0.6923076923076923,80,Extreme Greed,1,160879.01578400002
2024-03-29,883.097404,86914.37,1,15,30.420029999999997,0.4,79,Extreme Greed,1,161762.11318800002
2024-03-30,1100.57514,101103.92,1,45,9.939454,0.9777777777777777,75,Extreme Greed,1,162862.68832800002
2024-03-31,912.786145,39912.96,1,13,13.969522000000001,0.7692307692307693,75,Extreme Greed,1,163775.474473
2024-04-01,2507.963406,339470.47,2,77,83.751362,0.5454545454545454,79,Extreme Greed,1,166283.437879
2024-04-02,883.760812,239664.50999999998,2,41,80.13257399999999,0.2926829268292683,79,Extreme Greed,1,167167.198691
2024-04-03,126.7884,16887.57,2,4,1.661201,0.25,71,Greed,0,167293.987091
2024-04-04,0.0,95987.73,1,32,33.595684999999996,0.0,70,Greed,1,167293.987091
2024-04-05,10706.484306,503791.8,3,100,103.430138,0.9,79,Extreme Greed,1,178000.471397
2024-04-06,236.33513399999998,68223.67,1,16,23.878277,0.25,75,Extreme Greed,0,178236.80653099998
2024-04-07,0.0,49988.14,1,23,17.495845,0.0,78,Extreme Greed,1,178236.80653099998
2024-04-08,1218.4267,211940.64,2,30,61.790548,0.03333333333333333,76,Extreme Greed,0,179455.233231
2024-04-09,0.0,57063.840000000004,1,3,19.972341,0.0,80,Extreme Greed,1,179455.233231
2024-04-10,5207.443414,351735.97,1,41,123.107562,0.8780487804878049,78,Extreme Greed,1,184662.676645
2024-04-11,389.743164,76400.96,1,16,26.740329,0.125,76,Extreme Greed,0,185052.419809
2024-04-12,-592.6458390000001,442088.59,3,129,97.560875,0.5503875968992248,79,Extreme Greed,1,184459.77397
2024-04-13,6621.451755,486411.25,2,89,118.999176,0.6853932584269663,72,Greed,0,191081.225725
2024-04-14,-36104.012520000004,659162.17,2,107,213.477404,0.308411214953271,72,Greed,1,154977.21320499998
2024-04-15,3774.08872,291111.19,2,41,40.650603999999994,0.8536585365853658,74,Greed,1,158751.30192499998
2024-04-16,2467.702221,181907.17,2,47,18.457685,0.9148936170212766,65,Greed,1,161219.004146
2024-04-17,2441.4683999999997,97562.99,1,14,10.620963,0.9285714285714286,67,Greed,1,163660.472546
2024-04-19,1946.4454620000001,337257.92000000004,1,35,118.04025999999999,0.7714285714285715,66,Greed,0,165606.918008
2024-04-20,0.0,60733.24,2,22,121.289047,0.0,66,Greed,0,165606.918008
2024-04-22,0.0,47993.61,1,9,16.797764,0.0,73,Greed,1,165606.918008
2024-04-23,1119.536196,233054.9,2,66,71.308476,0.5303030303030303,71,Greed,1,166726.454204
2024-04-24,279.185907,141275.24,1,20,49.446315999999996,0.3,72,Greed,0,167005.64011100002
2024-04-25,0.0,120241.01,2,74,160.159512,0.0,72,Greed,0,167005.64011100002
2024-04-26,0.0,4988.290000000001,1,3,1.745898,0.0,70,Greed,1,167005.64011100002
2024-04-27,4281.488139,154264.47,1,27,53.99255,0.7037037037037037,67,Greed,0,171287.12825
2024-04-28,0.0,43985.6,2,58,15.394946,0.0,65,Greed,1,171287.12825
2024-04-29,526.9338359999999,108699.01,2,45,38.04463,0.37777777777777777,67,Greed,0,171814.06208600002
2024-04-30,0.0,125018.75,1,24,43.75655,0.0,67,Greed,0,171814.06208600002
2024-05-01,0.0,87025.45,1,14,30.458908,0.0,54,Neutral,1,171814.06208600002
2024-05-03,5306.017045,282682.64999999997,3,36,98.910681,0.4722222222222222,48,Neutral,0,177120.079131
2024-05-04,0.0,58998.75,2,9,20.649559,0.0,67,Greed,1,177120.079131
2024-05-05,0.916,24068.350000000002,2,6,8.412778,0.16666666666666666,69,Greed,1,177120.995131
2024-05-06,968.59038,206016.43,1,9,72.105746,0.4444444444444444,71,Greed,1,178089.585511
2024-05-07,883.537693,108717.58,3,18,38.039061,0.5,68,Greed,1,178973.123204
2024-05-08,1.56576,65973.57,2,13,23.076826,0.07692307692307693,64,Greed,1,178974.688964
2024-05-09,1147.595856,221966.12,2,28,77.688132,0.39285714285714285,55,Greed,1,180122.28482
2024-05-10,2101.741695,156882.0,1,22,54.90869,0.2727272727272727,66,Greed,1,182224.026515
2024-05-11,251.604742,63248.95,1,9,22.137125,1.0,53,Neutral,0,182475.631257
2024-05-12,0.0,55179.56,2,23,19.312829,0.0,56,Greed,1,182475.631257
2024-05-13,2136.853859,193118.9,2,28,67.591599,0.35714285714285715,57,Greed,1,184612.485116
2024-05-14,1150.5233050000002,145853.4,1,23,51.048685,0.17391304347826086,66,Greed,1,185763.008421
2024-05-15,948.970582,234922.57,1,36,82.222887,0.4722222222222222,64,Greed,1,186711.97900300001
2024-05-16,214.5898,162620.96,2,27,56.91732,0.18518518518518517,70,Greed,1,186926.568803
2024-05-18,3522.3946610000003,126303.14,1,25,44.206092,0.64,73,Greed,0,190448.963464
2024-05-19,0.0,29998.09,1,8,10.499327000000001,0.0,72,Greed,0,190448.963464
2024-05-20,-74.818442,38124.75,2,10,13.343662,0.0,70,Greed,1,190374.145022
2024-05-21,7289.397571999999,1100948.59,2,125,385.331944,0.112,76,Extreme Greed,0,197663.542594
2024-05-22,0.0,44995.29,1,6,15.748349000000001,0.0,76,Extreme Greed,1,197663.542594
2024-05-23,413.347329,401850.6,3,325,113.43007899999999,0.4461538461538462,76,Extreme Greed,1,198076.889923
2024-05-24,821.949278,50811.899999999994,1,2,17.784165,1.0,74,Greed,1,198898.839201
2024-05-25,14.126038999999999,29991.129999999997,2,16,10.246887000000001,0.3125,76,Extreme Greed,1,198912.96524
2024-05-26,778.6839,53976.67,2,16,18.768190999999998,0.25,75,Extreme Greed,1,199691.64914
2024-05-27,1129.35587,151115.72,1,251,45.832466,0.35856573705179284,74,Greed,1,200821.00501
2024-05-29,277.791953,84268.76,2,164,36.876599,0.4146341463414634,72,Greed,1,201098.796963
2024-05-30,20.951433,2838.09,1,7,0.993326,0.7142857142857143,73,Greed,1,201119.748396
2024-05-31,25.35812,3636.14,1,13,1.272646,0.3076923076923077,73,Greed,1,201145.106516
2024-06-01,91.510419,12834.62,1,25,4.492106,0.36,72,Greed,1,201236.616935
2024-06-02,192.906947,29464.51,1,93,7.792912,0.3655913978494624,73,Greed,1,201429.523882
2024-06-03,562.808208,21466.86,1,70,5.378086,0.6285714285714286,73,Greed,1,201992.33209
2024-06-04,52.211438,24243.41,1,53,7.432953,0.4716981132075472,73,Greed,1,202044.543528
2024-06-05,56.055506,25350.77,1,54,7.1040600000000005,0.2962962962962963,75,Extreme Greed,1,202100.599034
2024-06-06,274.173187,137557.76,1,234,37.079424,0.42735042735042733,78,Extreme Greed,1,202374.77222100002
2024-06-07,8902.467416,1098588.76,3,440,372.962664,0.4,77,Extreme Greed,1,211277.23963700002
2024-06-08,129.13883900000002,97351.88,2,29,34.073137,0.27586206896551724,72,Greed,0,211406.378476
2024-06-09,0.0,22410.22,2,17,7.515775,0.0,75,Extreme Greed,1,211406.378476
2024-06-10,31.266804999999998,46587.93,2,53,14.696328000000001,0.33962264150943394,72,Greed,1,211437.645281
2024-06-11,4320.631811,373279.92,3,123,129.928213,0.13821138211382114,74,Greed,0,215758.277092
2024-06-12,-21886.531493,193407.96,2,254,63.921417,0.08267716535433071,72,Greed,1,193871.74559900002
2024-06-13,6632.757115,132577.22,2,79,33.39975,0.24050632911392406,70,Greed,1,200504.502714
2024-06-14,10258.592609,139868.66,2,31,38.954076,0.4838709677419355,74,Greed,1,210763.095323
2024-06-15,3369.958346,718350.25,2,78,251.422549,0.48717948717948717,74,Greed,0,214133.053669
2024-06-16,0.0,25235.079999999998,1,11,8.832277,0.0,71,Greed,1,214133.053669
2024-06-17,10599.502375,368380.12,2,38,128.93302500000001,0.6578947368421053,71,Greed,1,224732.556044
2024-06-18,282.57636,263314.79,2,25,67.160258,0.16,74,Greed,1,225015.132404
2024-06-19,4887.656944,417071.12,3,61,138.851743,0.5081967213114754,64,Greed,1,229902.789348
2024-06-20,57478.456026,207990.8,3,39,13.46905,0.20512820512820512,60,Greed,1,287381.245374
2024-06-21,773.5582039999999,176264.49,2,80,61.277099,0.0375,63,Greed,1,288154.803578
2024-06-22,756.876565,169594.27000000002,2,24,40.533382,0.3333333333333333,53,Neutral,0,288911.680143
2024-06-23,0.0,1792.12,1,5,0.17921199999999998,0.0,55,Greed,0,288911.680143
2024-06-24,0.0,403002.8,2,31,103.551001,0.0,51,Neutral,1,288911.680143
2024-06-25,4869.353105,103099.08,1,49,36.084651,0.22448979591836735,30,Fear,1,293781.03324799996
2024-06-26,4197.732182,365190.66000000003,2,72,127.5543,0.2916666666666667,46,Neutral,0,297978.76542999997
2024-06-27,0.0,130486.95,2,30,45.556012,0.0,40,Fear,1,297978.76542999997
2024-06-29,6150.326145,280095.11,2,75,460.295231,0.32,30,Fear,0,304129.09157499997
2024-06-30,0.0,30520.69,2,14,17.057669,0.0,47,Neutral,1,304129.09157499997
2024-07-01,5065.839308,362670.14999999997,2,64,425.323025,0.40625,53,Neutral,1,309194.93088299996
2024-07-02,2421.253116,33347.47,1,18,11.458730000000001,0.7222222222222222,51,Neutral,1,311616.18399899994
2024-07-03,1118.387284,179600.66,2,18,62.628682,0.2222222222222222,50,Neutral,0,312734.57128299994
2024-07-04,0.0,430568.01,2,25,113.02464499999999,0.0,44,Fear,0,312734.57128299994
2024-07-05,0.0,272289.89,2,32,95.130717,0.0,29,Fear,1,312734.57128299994
2024-07-06,108.87217799999999,2490.17,1,24,344.35416,0.2916666666666667,26,Fear,1,312843.44346099993
2024-07-07,61.428942,498.75,1,10,0.049875,1.0,29,Fear,0,312904.87240299996
2024-07-08,0.0,497.64,1,1,0.0156,0.0,28,Fear,1,312904.87240299996
2024-07-09,648.984412,2736.45,1,15,0.39756800000000003,1.0,27,Fear,1,313553.85681499995
2024-07-10,11977.734907,687900.21,2,56,240.76504,0.6785714285714286,28,Fear,1,325531.5917219999
2024-07-11,1876.812082,169887.02,1,19,59.460443,0.47368421052631576,29,Fear,1,327408.40380399994
2024-07-12,1412.314654,89582.97,2,19,31.354029,0.47368421052631576,25,Fear,1,328820.71845799993
2024-07-13,2913.617837,139189.19,2,17,48.71621,1.0,25,Fear,0,331734.3362949999
2024-07-14,0.0,84001.13,1,7,29.400389,0.0,33,Fear,0,331734.3362949999
2024-07-15,-1.0,198344.85,2,26,68.995769,0.0,52,Neutral,0,331733.3362949999
2024-07-16,0.0,144000.57,1,22,50.400180999999996,0.0,65,Greed,1,331733.3362949999
2024-07-17,1859.269477,626005.53,3,351,206.601913,0.4131054131054131,69,Greed,1,333592.6057719999
2024-07-18,3803.884311,649704.85,2,60,227.396664,0.8,61,Greed,1,337396.4900829999
2024-07-19,2155.891114,150269.42,2,23,52.594288,0.5217391304347826,60,Greed,1,339552.3811969999
2024-07-20,2299.169566,244362.21,2,266,80.758418,0.12406015037593984,74,Greed,0,341851.5507629999
2024-07-21,-2960.716887,234307.46,2,448,64.72334,0.046875,74,Greed,1,338890.8338759999
2024-07-22,1517.119876,304213.8,2,154,97.459536,0.14285714285714285,70,Greed,1,340407.9537519999
2024-07-23,89890.302206,358526.54,3,370,59.243126000000004,0.8891891891891892,71,Greed,1,430298.25595799985
2024-07-24,625.561479,69207.93,5,90,55.067279,0.2,69,Greed,1,430923.8174369999
2024-07-25,916.7382600000001,528555.31,3,78,224.185916,0.1282051282051282,68,Greed,1,431840.5556969999
2024-07-26,2766.513113,548587.65,4,152,206.567015,0.40131578947368424,68,Greed,1,434607.0688099999
2024-07-27,6400.623656,905199.75,2,57,316.819894,0.7368421052631579,72,Greed,1,441007.6924659999
2024-07-28,587.29903,43254.68,2,16,15.139122,0.75,71,Greed,1,441594.9914959999
2024-07-29,330.80445399999996,327199.14,2,39,114.519684,0.41025641025641024,74,Greed,0,441925.79594999994
2024-07-30,0.0,36006.47,1,6,12.602264,0.0,67,Greed,1,441925.79594999994
2024-07-31,765.690884,84506.54,2,43,29.577267000000003,0.32558139534883723,61,Greed,1,442691.4868339999
2024-08-01,167.080017,227774.53,4,57,108.095036,0.07017543859649122,52,Neutral,1,442858.5668509999
2024-08-02,782.3681909999999,396320.37,3,63,145.520462,0.2698412698412698,57,Greed,1,443640.9350419999
2024-08-03,464.1897,290532.86,5,37,108.653106,0.02702702702702703,37,Fear,0,444105.1247419999
2024-08-04,-122672.000883,1207744.07,5,127,445.902235,0.023622047244094488,34,Fear,0,321433.1238589999
2024-08-05,-13013.665169,420495.4,4,80,202.719158,0.4125,26,Fear,1,308419.45868999994
2024-08-06,267.318048,61478.38,2,107,62.621279,0.12149532710280374,17,Extreme Fear,1,308686.7767379999
2024-08-07,188.789255,2492.77,3,33,3.7522038,0.30303030303030304,29,Fear,0,308875.56599299994
2024-08-08,-40.712216999999995,16299.35,2,9,6.647995,0.0,20,Extreme Fear,1,308834.8537759999
2024-08-09,18082.071276,503204.86,5,144,185.25438068,0.2986111111111111,48,Neutral,0,326916.9250519999
2024-08-10,0.0,11339.29,2,88,50.0831879,0.0,40,Fear,1,326916.9250519999
2024-08-11,847.7766200000001,44230.21,2,24,40.931287,0.16666666666666666,39,Fear,1,327764.70167199994
2024-08-12,858.6705000000001,54167.32,3,48,36.071895,0.125,25,Fear,1,328623.37217199994
2024-08-13,212.08102,20797.87,3,23,17.932876999999998,0.34782608695652173,31,Fear,1,328835.4531919999
2024-08-14,2168.9015130000003,66710.03,3,25,46.493106,0.2,30,Fear,0,331004.35470499995
2024-08-15,0.0,1522.3700000000001,1,12,16.50261,0.0,29,Fear,1,331004.35470499995
2024-08-16,825.230544,166382.84,2,35,81.187942,0.08571428571428572,27,Fear,0,331829.58524899994
2024-08-17,-288.283113,30248.96,2,30,17.096539,0.0,25,Fear,1,331541.30213599995
2024-08-18,307.201888,62804.48,2,15,21.981557000000002,0.8,31,Fear,1,331848.50402399997
2024-08-19,339.69958299999996,100315.03,1,8,35.110258,0.625,28,Fear,1,332188.20360699994
2024-08-20,192.602844,49914.8,2,12,17.470174,0.08333333333333333,30,Fear,1,332380.8064509999
2024-08-21,656.200925,104990.41,2,145,36.746583,0.3724137931034483,26,Fear,1,333037.00737599994
2024-08-23,1005.30527,63509.56,1,10,22.228341999999998,0.3,34,Fear,0,334042.31264599995
2024-08-24,0.0,34999.67,2,7,12.249882,0.0,56,Greed,0,334042.31264599995
2024-08-25,0.0,21950.28,2,17,26.303603,0.0,54,Neutral,1,334042.31264599995
2024-08-26,231.236918,92611.27,2,6,32.302932,0.3333333333333333,55,Greed,0,334273.5495639999
2024-08-27,0.0,70250.16,2,50,52.053552,0.0,48,Neutral,1,334273.5495639999
2024-08-28,1333.359645,71160.06999999999,2,9,24.906026,0.2222222222222222,30,Fear,0,335606.90920899995
2024-08-29,0.0,9995.85,1,1,3.498547,0.0,29,Fear,1,335606.90920899995
2024-08-30,256.464,37233.24,4,6,13.031175999999999,0.16666666666666666,34,Fear,1,335863.3732089999
2024-08-31,10.882801,107507.43000000001,3,34,39.955315,0.35294117647058826,29,Fear,1,335874.25600999995
2024-09-01,137.433093,12359.68,1,12,4.325861,0.4166666666666667,26,Fear,0,336011.689103
2024-09-02,0.0,30000.42,1,2,10.500148,0.0,26,Fear,1,336011.689103
2024-09-04,1065.785132,131480.97,2,34,63.570226999999996,0.14705882352941177,27,Fear,0,337077.474235
2024-09-05,0.0,0.84,1,1,0.0,0.0,29,Fear,0,337077.474235
2024-09-06,-1104.856765,39047.1,2,42,13.666476,0.0,22,Extreme Fear,0,335972.61747
2024-09-08,0.0,0.11,1,1,0.0,0.0,29,Fear,0,335972.61747
2024-09-09,0.0,4014.4300000000003,1,2,34.9079,0.0,26,Fear,0,335972.61747
2024-09-10,-219.729659,2547.28,2,3,7.2904,0.0,33,Fear,0,335752.887811
2024-09-11,0.0,0.54,1,1,0.0,0.0,37,Fear,0,335752.887811
2024-09-14,0.0,1014.8000000000001,2,11,30.381330000000002,0.0,50,Neutral,0,335752.887811
2024-09-18,-878.684794,13633.5,1,145,31.732943,0.0,45,Neutral,0,334874.203017
2024-09-19,0.0,1521.8700000000001,1,19,28.60766,0.0,49,Neutral,1,334874.203017
2024-09-20,9585.03428,332873.38,2,16,109.317031,0.5,54,Neutral,1,344459.237297
2024-09-21,36165.56933,165648.12,1,23,57.976841,1.0,54,Neutral,0,380624.806627
2024-09-22,0.0,19999.739999999998,1,3,6.999907,0.0,52,Neutral,1,380624.806627
2024-09-23,334.760796,40334.29,1,2,14.117002000000001,0.5,50,Neutral,0,380959.567423
2024-09-24,0.0,7118.63,2,10,12.966142,0.0,54,Neutral,0,380959.567423
2024-09-25,0.0,52754.130000000005,2,9,17.764677,0.0,59,Greed,1,380959.567423
2024-09-26,439.812513,113711.93000000001,2,8,31.348204,0.25,50,Neutral,0,381399.379936
2024-09-27,0.0,126097.04,2,56,37.503311,0.0,61,Greed,0,381399.379936
2024-09-28,0.0,29199.21,1,4,2.8031200000000003,0.0,64,Greed,1,381399.379936
2024-09-30,2710.626288,214669.85,2,106,65.637576,0.04716981132075472,61,Greed,0,384110.006224
2024-10-01,0.0,139954.32,1,4,48.98401,0.0,50,Neutral,0,384110.006224
2024-10-02,0.0,99954.34,1,4,34.984016999999994,0.0,42,Fear,1,384110.006224
2024-10-03,100.375782,132935.69,2,9,46.527491000000005,0.3333333333333333,37,Fear,0,384210.382006
2024-10-04,0.0,0.34,1,1,0.0,0.0,41,Fear,1,384210.382006
2024-10-05,5767.161892,605605.74,2,37,211.961771,0.6486486486486487,49,Neutral,1,389977.54389800003
2024-10-06,130.487079,300130.56,1,22,105.045693,0.22727272727272727,50,Neutral,0,390108.030977
2024-10-07,0.0,219984.65,1,21,76.994616,0.0,50,Neutral,1,390108.030977
2024-10-08,5396.546638,434584.13,2,36,152.10422,0.9166666666666666,49,Neutral,1,395504.577615
2024-10-09,396.06272,220399.93,1,14,77.139967,0.21428571428571427,49,Neutral,0,395900.640335
2024-10-10,0.0,300024.33999999997,1,16,105.00851,0.0,39,Fear,1,395900.640335
2024-10-11,8885.327477,488904.19,2,26,171.116194,0.6923076923076923,32,Fear,1,404785.967812
2024-10-12,541.55471,159713.4,1,10,55.899685,0.7,49,Neutral,0,405327.522522
2024-10-13,0.0,60002.42,1,10,21.000841,0.0,50,Neutral,1,405327.522522
2024-10-14,1913.61958,61916.020000000004,1,5,21.670604,1.0,48,Neutral,1,407241.142102
2024-10-15,1170.2260760000001,81173.36,1,7,28.410673,0.5714285714285714,65,Greed,1,408411.36817800003
2024-10-16,219.480876,80229.17,1,11,28.080204000000002,0.2727272727272727,73,Greed,1,408630.84905400005
2024-10-17,36.11496,140531.75,2,9,49.186107,0.1111111111111111,71,Greed,1,408666.964014
2024-10-18,333.219141,120331.43000000001,1,6,42.115998,0.8333333333333334,73,Greed,0,409000.18315500004
2024-10-19,0.0,99996.86,1,4,34.998901000000004,0.0,72,Greed,1,409000.18315500004
2024-10-20,389.155797,176447.86000000002,2,96,59.257459,0.11458333333333333,73,Greed,1,409389.338952
2024-10-21,2464.915564,324117.99,2,173,109.858043,0.3930635838150289,72,Greed,0,411854.25451600004
2024-10-22,0.0,60000.36,1,3,21.000124,0.0,70,Greed,0,411854.25451600004
2024-10-23,-46.489941,210006.07,1,18,73.502111,0.0,71,Greed,1,411807.76457500004
2024-10-25,13235.862071,427883.18,2,30,143.841914,0.7,72,Greed,1,425043.626646
2024-10-27,666.6623079999999,90664.41,1,4,31.73254,0.75,74,Greed,1,425710.28895400005
2024-10-28,167.28016200000002,121495.25,2,13,42.27334,0.3076923076923077,72,Greed,1,425877.569116
2024-10-29,801.170876,613267.8099999999,2,53,214.643714,0.05660377358490566,72,Greed,1,426678.73999200005
2024-10-30,9.150023,11830.85,1,25,3.596988,0.28,77,Extreme Greed,1,426687.89001500007
2024-10-31,1214.043811,896173.36,3,48,312.710928,0.7083333333333334,77,Extreme Greed,1,427901.9338260001
2024-11-01,1040.475736,260981.03,2,23,90.654875,0.2608695652173913,75,Extreme Greed,0,428942.4095620001
2024-11-02,0.0,40000.0,1,2,13.999997,0.0,72,Greed,0,428942.4095620001
2024-11-03,0.0,129055.66,2,6,40.404152,0.0,74,Greed,1,428942.4095620001
2024-11-04,2799.410474,451811.97,2,36,158.13418000000001,0.6388888888888888,70,Greed,1,431741.82003600005
2024-11-05,678.4759280000001,200627.23,1,10,70.219524,0.5,70,Greed,1,432420.29596400005
2024-11-06,2817.83723,123906.9,2,15,43.36741,0.4666666666666667,70,Greed,1,435238.13319400005
2024-11-07,4493.353136,111335.3,3,113,26.17844238,0.5309734513274337,77,Extreme Greed,0,439731.48633000004
2024-11-08,-64.41354100000007,270700.44,2,39,93.87825699999999,0.15384615384615385,75,Extreme Greed,1,439667.07278900006
2024-11-09,102.90894,193384.41,2,86,66.18450299999999,0.22093023255813954,75,Extreme Greed,1,439769.98172900005
2024-11-10,991.114334,413636.7,3,173,142.313546,0.2947976878612717,78,Extreme Greed,1,440761.09606300003
2024-11-11,6749.630996,1570572.42,4,373,396.91055,0.24664879356568364,76,Extreme Greed,1,447510.72705900006
2024-11-12,3494.399394,1226354.52,4,171,427.904853,0.19883040935672514,80,Extreme Greed,1,451005.12645300006
2024-11-13,7846.402274,515336.37,5,48,179.184068,0.5625,84,Extreme Greed,1,458851.52872700006
2024-11-14,4563.509225,1008361.81,2,110,335.028802,0.2545454545454545,88,Extreme Greed,1,463415.03795200004
2024-11-15,4140.740438,1427858.42,4,149,466.427513,0.3691275167785235,80,Extreme Greed,1,467555.77839000005
2024-11-16,2769.521909,303296.07,4,157,100.171303,0.3057324840764331,86,Extreme Greed,1,470325.30029900005
2024-11-17,882.975285,1215987.57,4,209,271.111689,0.23444976076555024,90,Extreme Greed,1,471208.27558400005
2024-11-18,4470.815187,2084339.58,7,346,445.104339,0.3583815028901734,83,Extreme Greed,1,475679.090771
2024-11-19,2958.268991,628031.15,5,305,201.486933,0.4918032786885246,90,Extreme Greed,1,478637.35976200004
2024-11-20,4210.0928969999995,1999514.1199999999,5,550,644.057369,0.3981818181818182,83,Extreme Greed,1,482847.45265900006
2024-11-21,1692.430891,598300.62,5,535,198.628267,0.308411214953271,82,Extreme Greed,0,484539.8835500001
2024-11-22,-18105.345617,1646713.62,6,679,436.439059,0.3078055964653903,94,Extreme Greed,1,466434.5379330001
2024-11-23,2901.531638,516245.68,4,363,154.621867,0.3526170798898072,93,Extreme Greed,1,469336.06957100006
2024-11-24,945.550386,664952.28,3,172,202.583126,0.26744186046511625,80,Extreme Greed,1,470281.6199570001
2024-11-25,5523.740734,937410.87,2,255,283.779701,0.4117647058823529,82,Extreme Greed,1,475805.36069100007
2024-11-26,1094.809359,1146902.44,4,302,311.298478,0.2913907284768212,79,Extreme Greed,0,476900.1700500001
2024-11-27,-2654.495633,1444242.53,2,213,439.714536,0.3474178403755869,75,Extreme Greed,0,474245.6744170001
2024-11-28,-127075.39958499999,1894225.15,5,332,315.582009,0.32831325301204817,77,Extreme Greed,1,347170.2748320001
2024-11-29,176844.994152,794262.91,11,393,192.45173557,0.48854961832061067,78,Extreme Greed,1,524015.2689840001
2024-11-30,37316.69352,1732193.7,8,373,552.3753395,0.42091152815013405,84,Extreme Greed,1,561331.962504
2024-12-01,40886.364494,814711.82,9,416,245.38375138,0.53125,81,Extreme Greed,1,602218.326998
2024-12-02,18489.604313,585243.56,8,270,147.88781359,0.4074074074074074,80,Extreme Greed,1,620707.931311
2024-12-03,23576.539285,1084666.53,8,374,330.57309170999997,0.4304812834224599,76,Extreme Greed,1,644284.470596
2024-12-04,292891.815021,769287.65,7,319,172.60641765,0.46394984326018807,78,Extreme Greed,1,937176.285617
2024-12-05,71574.11848800001,1256750.79,8,456,352.76572323,0.4232456140350877,84,Extreme Greed,0,1008750.404105
2024-12-06,-92624.643895,3471019.22,10,403,691.99378587,0.23325062034739455,72,Greed,1,916125.76021
2024-12-07,85906.279067,451733.42,6,304,108.4520379,0.4309210526315789,75,Extreme Greed,1,1002032.039277
2024-12-08,15965.933436,932939.72,6,420,234.17888346,0.3619047619047619,79,Extreme Greed,1,1017997.972713
2024-12-09,6310.967676,983949.68,10,539,174.77343643,0.31910946196660483,78,Extreme Greed,1,1024308.940389
2024-12-10,39325.770231,3150424.08,11,1596,453.54068535,0.5870927318295739,78,Extreme Greed,1,1063634.71062
2024-12-11,319051.554217,2194098.33,12,1221,413.50923006,0.7125307125307125,74,Greed,1,1382686.264837
2024-12-12,599151.795008,4557189.87,14,1932,698.96545151,0.6997929606625258,83,Extreme Greed,1,1981838.059845
2024-12-13,31935.901745,2880824.64,11,1173,453.22737636,0.40153452685422,76,Extreme Greed,1,2013773.96159
2024-12-14,167801.399244,2369561.78,12,1235,232.09144503,0.47368421052631576,83,Extreme Greed,1,2181575.360834
2024-12-15,97525.315279,2583269.81,15,1697,231.33057037999998,0.24572775486152032,80,Extreme Greed,1,2279100.676113
2024-12-16,166774.344133,2740808.97,13,1055,402.150056,0.5071090047393365,83,Extreme Greed,1,2445875.020246
2024-12-17,219591.305172,5233597.63,16,1941,746.14038598,0.4363730036063885,87,Extreme Greed,1,2665466.325418
2024-12-18,13682.994673,3798887.07,13,1429,691.44797021,0.36599020293911827,81,Extreme Greed,1,2679149.3200910003
2024-12-19,62744.004486000005,8241709.39,13,3339,1056.23317908,0.6148547469302186,75,Extreme Greed,1,2741893.3245770005
2024-12-20,254969.660039,7681274.71,15,2488,1210.83830578,0.5558681672025724,74,Greed,1,2996862.9846160007
2024-12-21,150022.163157,4382875.12,8,1681,680.39159713,0.5496728138013087,73,Greed,1,3146885.147773001
2024-12-22,352197.163973,3087320.22,8,774,333.05684453,0.4354005167958656,73,Greed,0,3499082.311746001
2024-12-23,-29430.626577,6771878.26,14,2347,1200.89694657,0.2901576480613549,70,Greed,1,3469651.6851690006
2024-12-24,14813.780116,1767036.11,11,338,386.78244023,0.33727810650887574,73,Greed,1,3484465.465285001
2024-12-25,756.6570469999998,347889.35,6,208,66.51878221999999,0.30288461538461536,73,Greed,1,3485222.1223320006
2024-12-26,60228.639722,2205242.65,7,697,523.35899848,0.5136298421807748,79,Extreme Greed,1,3545450.7620540005
2024-12-27,2672.811035,347913.0,7,260,88.5556466,0.4230769230769231,74,Greed,1,3548123.5730890003
2024-12-28,940.673623,281555.01,7,161,48.40849263,0.22981366459627328,72,Greed,1,3549064.246712
2024-12-29,2884.067927,344628.54,7,201,72.1173571,0.31840796019900497,73,Greed,1,3551948.314639
2024-12-30,9009.738137,1073865.73,9,304,284.90632048,0.39473684210526316,65,Greed,1,3560958.052776
2024-12-31,5445.01281,877164.62,6,306,266.51641113,0.3006535947712418,64,Greed,0,3566403.065586
2025-01-01,-9528.065345,282582.1,6,96,31.60438221,0.3020833333333333,66,Greed,1,3556875.000241
2025-01-02,8716.519087,774674.84,9,361,176.13969323,0.45706371191135736,70,Greed,1,3565591.519328
2025-01-03,6028.486793,771208.99,9,508,210.99783681,0.27165354330708663,74,Greed,1,3571620.006121
2025-01-04,2553.537968,1826029.6199999999,9,371,233.711971,0.20215633423180593,73,Greed,1,3574173.5440889997
2025-01-05,3187.719363,451943.57,8,239,139.34161097,0.41841004184100417,72,Greed,1,3577361.2634519995
2025-01-06,6064.185393,556526.99,7,573,174.93108825,0.15532286212914484,76,Extreme Greed,1,3583425.4488449995
2025-01-07,16098.227531,1313178.1,6,637,303.38645263,0.7613814756671899,78,Extreme Greed,1,3599523.6763759996
2025-01-08,130117.090554,3177275.18,11,1039,696.91291038,0.37151106833493747,70,Greed,1,3729640.7669299995
2025-01-09,46975.928902,1020733.25,7,522,275.51377943,0.2777777777777778,69,Greed,0,3776616.6958319996
2025-01-10,-10116.875552,6547449.68,7,819,2094.17917505,0.5274725274725275,50,Neutral,1,3766499.8202799996
2025-01-11,2269.080536,1658098.71,7,283,494.64797735,0.24381625441696114,69,Greed,1,3768768.9008159996
2025-01-12,5742.241803,2258459.17,7,602,612.0827527,0.7840531561461794,62,Greed,1,3774511.142619
2025-01-13,9655.429352,2936648.0100000002,11,408,863.10012478,0.3872549019607843,61,Greed,1,3784166.5719709997
2025-01-14,16069.512355,876581.97,9,275,240.59104948,0.49818181818181817,63,Greed,1,3800236.0843259995
2025-01-15,14819.5883,1801599.8900000001,11,267,513.60899482,0.4606741573033708,70,Greed,1,3815055.6726259994
2025-01-16,20807.709328,3049692.96,9,371,890.56916796,0.3423180592991914,75,Extreme Greed,1,3835863.3819539994
2025-01-17,7006.415608,1110230.46,8,238,351.41464889,0.5294117647058824,75,Extreme Greed,1,3842869.7975619994
2025-01-18,443.2330819999997,2711629.88,12,651,815.9342014599999,0.38095238095238093,77,Extreme Greed,1,3843313.0306439996
2025-01-19,87923.799302,9715215.3,15,1567,2162.35563971,0.20229738353541799,77,Extreme Greed,1,3931236.8299459997
2025-01-20,87277.239173,8287327.01,15,1315,2207.65981966,0.5224334600760456,76,Extreme Greed,1,4018514.069119
2025-01-21,11077.839421,1523729.82,8,530,398.3042653,0.3867924528301887,76,Extreme Greed,1,4029591.9085399997
2025-01-22,20524.408057,1778406.43,10,832,471.17013976,0.28125,84,Extreme Greed,1,4050116.3165969998
2025-01-23,101256.24216,3697028.66,12,1218,1088.34986968,0.6609195402298851,75,Extreme Greed,1,4151372.5587569997
2025-01-24,10602.779738,1611433.45,11,874,338.6436011,0.5583524027459954,75,Extreme Greed,0,4161975.338495
2025-01-25,-10348.016255999999,1239377.7,11,506,318.93376206,0.27865612648221344,75,Extreme Greed,1,4151627.322239
2025-01-26,40823.466668,1201173.66,7,451,382.25815423,0.43458980044345896,73,Greed,1,4192450.788907
2025-01-27,41331.765392,1508028.31,15,773,406.25916743,0.4760672703751617,71,Greed,1,4233782.554299
2025-01-28,17979.613973,579412.17,8,498,124.71028463,0.6285140562248996,72,Greed,1,4251762.168272
2025-01-29,23421.01147,1897513.41,9,910,612.52114509,0.4164835164835165,72,Greed,1,4275183.179742
2025-01-30,23097.471385,3014397.17,11,1067,874.65111573,0.3467666354264292,70,Greed,1,4298280.651127
2025-01-31,35868.296773,2783411.48,11,1016,670.93805151,0.5413385826771654,76,Extreme Greed,1,4334148.9479
2025-02-01,32300.205017,1363746.44,12,634,285.47738189,0.5962145110410094,68,Greed,1,4366449.152917
2025-02-02,162854.759623,5661092.29,13,1319,1184.12208921,0.35860500379075055,60,Greed,1,4529303.912540001
2025-02-03,348871.326269,22592901.37,12,2380,2991.56562406,0.4634453781512605,44,Fear,1,4878175.238809001
2025-02-04,416876.88812,15678409.27,13,2512,3853.77856394,0.276671974522293,72,Greed,1,5295052.126929001
2025-02-05,56706.235562,8743231.51,11,1297,1335.74961667,0.3215111796453354,54,Neutral,1,5351758.362491001
2025-02-06,33803.799733,2818508.87,11,1703,709.13035861,0.46095126247798,49,Neutral,1,5385562.162224001
2025-02-07,22450.002091,3460263.54,13,1524,738.0892383400001,0.2821522309711286,44,Fear,1,5408012.164315001
2025-02-08,586.703253,839734.97,10,575,109.97628618,0.19130434782608696,44,Fear,1,5408598.867568001
2025-02-09,150551.829492,2920919.7,12,764,427.36182496,0.4306282722513089,46,Neutral,1,5559150.697060001
2025-02-10,63908.49465,3624958.44,14,889,491.3623421,0.4780652418447694,43,Fear,0,5623059.191710001
2025-02-11,-6093.784817,2797544.17,12,848,476.43012785,0.21816037735849056,47,Neutral,1,5616965.406893001
2025-02-12,19848.635032,4143974.54,12,1031,1099.15503114,0.4626576139670223,46,Neutral,1,5636814.041925001
2025-02-13,27829.534238,3199852.21,11,1370,823.48748402,0.4678832116788321,50,Neutral,1,5664643.576163001
2025-02-14,213860.675308,4007103.42,15,1655,961.57771575,0.42900302114803623,48,Neutral,1,5878504.251471002
2025-02-15,45042.92701,1712852.95,12,932,374.08731802,0.4302575107296137,50,Neutral,1,5923547.178481001
2025-02-16,2369.478425,806177.64,10,681,171.57200528,0.44052863436123346,54,Neutral,1,5925916.656906001
2025-02-17,1818.573295,2031044.64,9,941,253.48675564,0.22422954303931988,51,Neutral,1,5927735.230201001
2025-02-18,91204.672403,3371128.68,11,1676,609.53940291,0.5119331742243437,47,Neutral,1,6018939.902604002
2025-02-19,14985.794701,3263930.24,10,1361,688.4874495,0.4276267450404115,44,Fear,1,6033925.697305001
2025-02-20,46008.794102,4628609.29,11,2012,1232.46402475,0.47912524850894633,49,Neutral,1,6079934.491407001
2025-02-21,119693.49395,3972159.88,14,1873,829.71831377,0.5221569674319274,55,Greed,1,6199627.985357001
2025-02-22,25278.704178,3175570.2,10,686,880.16463397,0.4970845481049563,49,Neutral,1,6224906.689535001
2025-02-23,10656.934251,1141310.74,12,520,230.00271917,0.45,50,Neutral,1,6235563.6237860015
2025-02-24,38470.176242,11223619.59,14,5616,2097.96443324,0.39672364672364674,49,Neutral,1,6274033.800028002
2025-02-25,204762.177034,19414984.36,18,6246,3186.61506431,0.260646813960935,25,Fear,1,6478795.977062002
2025-02-26,63229.063129,4946958.13,13,1176,754.17254667,0.6709183673469388,21,Extreme Fear,0,6542025.040191002
2025-02-27,-36525.167517,1999898.43,9,890,512.14597331,0.27752808988764044,10,Extreme Fear,1,6505499.872674002
2025-02-28,225628.108748,4123660.77,13,1019,878.39826396,0.3886162904808636,16,Extreme Fear,1,6731127.981422002
2025-03-01,10596.108968,263824.13,5,174,37.06354539,0.4482758620689655,20,Extreme Fear,1,6741724.090390002
2025-03-02,66914.320708,6460848.74,10,532,1931.69694201,0.5018796992481203,26,Fear,1,6808638.411098002
2025-03-03,616413.032233,8244590.38,14,1482,1040.56404242,0.6153846153846154,33,Fear,1,7425051.443331002
2025-03-04,182075.566585,11124247.15,16,2402,2220.33648528,0.25353871773522063,15,Extreme Fear,1,7607127.009916002
2025-03-05,269328.365917,9193654.22,13,1660,2321.32151085,0.7584337349397591,20,Extreme Fear,1,7876455.375833002
2025-03-06,16101.125561,6765324.96,12,760,1306.61716326,0.48026315789473684,25,Fear,1,7892556.501394002
2025-03-07,150236.061627,19854275.48,14,2552,4916.50104687,0.5223354231974922,34,Fear,1,8042792.563021001
2025-03-08,24700.773359,892083.51,13,529,208.339773,0.5689981096408318,28,Fear,1,8067493.336380001
2025-03-09,19773.457395,10419697.99,12,1422,2377.0639268,0.4409282700421941,27,Fear,0,8087266.793775002
2025-03-10,-10010.027269999999,16811790.68,14,2911,3488.37247123,0.39745791824115423,20,Extreme Fear,0,8077256.766505001
2025-03-11,-76880.729036,14016952.09,16,3286,2441.08024204,0.18746195982958003,24,Extreme Fear,1,8000376.0374690015
2025-03-12,288105.984215,18618139.15,13,3968,3658.41357197,0.5645161290322581,34,Fear,1,8288482.021684001
2025-03-13,14114.870873,3285591.22,13,962,809.18670717,0.4573804573804574,45,Neutral,1,8302596.892557001
2025-03-14,68646.160089,8047187.16,10,2210,1193.48707492,0.8538461538461538,27,Fear,1,8371243.052646001
2025-03-15,78694.624572,2355749.54,8,261,574.332888,0.5938697318007663,46,Neutral,0,8449937.677218001
2025-03-16,-7910.943544999999,10187921.51,8,530,2442.48300218,0.2320754716981132,30,Fear,1,8442026.733673
2025-03-17,26163.906513,3592895.05,11,920,807.74000798,0.4532608695652174,32,Fear,1,8468190.640186
2025-03-18,72322.788824,4050655.47,13,834,857.936131,0.22541966426858512,34,Fear,1,8540513.42901
2025-03-19,29374.682341,4598813.57,12,1612,784.4900710184,0.4162531017369727,32,Fear,1,8569888.111351
2025-03-20,10246.859436,1652257.93,13,771,329.235446,0.4085603112840467,49,Neutral,1,8580134.970787
2025-03-21,6951.270374,2543903.39,9,698,633.46068283,0.5,31,Fear,1,8587086.241161
2025-03-22,12498.535254,971809.42,8,535,268.83480197,0.4747663551401869,32,Fear,1,8599584.776415
2025-03-23,14047.421585,2593519.67,10,447,597.21601403,0.32662192393736017,30,Fear,1,8613632.197999999
2025-03-24,107878.961301,3017587.05,13,1027,531.10535137,0.6153846153846154,45,Neutral,1,8721511.159301
2025-03-25,32030.90678,5372519.77,13,791,1401.35398577,0.3615676359039191,46,Neutral,1,8753542.066081
2025-03-26,15802.167427,7597754.37,17,3102,1796.80351609,0.27111540941328177,47,Neutral,1,8769344.233508
2025-03-27,58825.359221,3240279.46,11,785,714.0241193,0.33375796178343947,40,Fear,1,8828169.592729
2025-03-28,21337.179335,1483092.61,11,728,389.28339505,0.3173076923076923,44,Fear,1,8849506.772064
2025-03-29,12098.872931,3668151.83,10,1894,839.84451462,0.3558606124604013,26,Fear,1,8861605.644995
2025-03-30,15795.11514,2850874.96,9,568,759.07175327,0.16549295774647887,32,Fear,1,8877400.760135
2025-03-31,6978.184557,2164772.4699999997,12,495,482.00163111,0.5232323232323233,34,Fear,0,8884378.944692
2025-04-01,-2202.6622420000003,704445.1900000001,9,192,162.93599482,0.4583333333333333,34,Fear,1,8882176.28245
2025-04-02,202212.740938,3867930.6,11,1076,1181.2230379,0.8949814126394052,44,Fear,0,9084389.023388
2025-04-03,-2365.961276,8670233.15,17,1748,1337.1188527,0.2974828375286041,25,Fear,0,9082023.062112
2025-04-04,-25515.678949999998,3835545.73,14,1272,836.063409361,0.38757861635220126,28,Fear,1,9056507.383162
2025-04-05,35907.33771,1267564.22,10,360,282.060344,0.5805555555555556,30,Fear,1,9092414.720872
2025-04-06,47053.449272,3551252.06,14,1048,618.4359126335,0.31679389312977096,34,Fear,1,9139468.170144
2025-04-07,34527.370305,14460253.14,18,2814,2766.5551014029,0.23916133617626156,23,Extreme Fear,1,9173995.540448999
2025-04-08,34899.394798,8869391.4,17,943,2274.97769106,0.4093319194061506,24,Extreme Fear,1,9208894.935246998
2025-04-09,43120.444797,28556806.47,20,3967,6111.274358194,0.43055205444920597,18,Extreme Fear,1,9252015.380043998
2025-04-10,158261.822261,28741953.29,19,2127,6868.556500782,0.5289139633286318,39,Fear,1,9410277.202304998
2025-04-11,126406.479081,11319327.07,16,1096,2174.4390780901,0.3357664233576642,25,Fear,1,9536683.681385998
2025-04-12,410419.694533,55914617.49,20,2109,11517.596374457,0.2721669037458511,43,Fear,1,9947103.375918997
2025-04-13,48696.021521,14171154.79,17,1321,2568.3362202649,0.3618470855412566,45,Neutral,1,9995799.397439998
2025-04-14,45680.443063,13079972.98,14,890,2023.157718567,0.42247191011235957,31,Fear,1,10041479.840502998
2025-04-15,72357.706282,20752168.24,14,1131,1866.90475939,0.5720601237842617,38,Fear,1,10113837.546784997
2025-04-16,58631.730257,36502715.9,17,1608,5997.61790529,0.3401741293532338,29,Fear,1,10172469.277041998
2025-04-17,5427.919886,2604551.51,12,1031,519.20873692,0.30358874878758485,30,Fear,1,10177897.196927998
2025-04-18,4880.4047439999995,24610650.46,12,1894,4667.32793177,0.5126715945089757,33,Fear,1,10182777.601671997
2025-04-19,71950.577495,32706462.71,15,2786,6480.62633269,0.2921751615218952,32,Fear,1,10254728.179166997
2025-04-20,25060.341936,12126094.05,12,1982,1887.3296081058,0.3985872855701312,37,Fear,1,10279788.521102997
2025-04-21,34369.267906999994,42104054.84,14,1718,6356.09106388,0.3940628637951106,39,Fear,1,10314157.789009996
2025-04-22,58652.763578,33753625.24,15,2998,5749.685751,0.2961974649766511,47,Neutral,0,10372810.552587995
2025-04-23,-419020.225731,30682443.79,19,6159,7342.08084188,0.324728040266277,72,Greed,1,9953790.326856995
2025-04-24,50704.395965,35088918.64,15,2232,7366.5003199353005,0.4135304659498208,63,Greed,1,10004494.722821996
2025-04-25,20218.859206,27749455.78,16,1653,6299.0932547382,0.38596491228070173,60,Greed,0,10024713.582027996
2025-04-26,-4125.753942,11948127.77,12,1131,2652.30675352,0.1724137931034483,65,Greed,1,10020587.828085996
2025-04-27,2702.067468,487537.69,9,337,55.9267726562,0.3560830860534125,61,Greed,1,10023289.895553997
2025-04-28,36906.813759,26124921.49,8,1379,6007.2514035301,0.4169688179840464,54,Neutral,1,10060196.709312996
2025-04-29,125749.613427,34089511.66,7,2243,5149.2952871531,0.43201069995541685,60,Greed,1,10185946.322739996
2025-04-30,14003.797269,12693878.85,8,1113,2950.1837728755,0.26504941599281223,56,Greed,1,10199950.120008996
2025-05-01,54536.829297000004,10720240.52,11,1230,2652.6136779658,0.43089430894308944,53,Neutral,0,10254486.949305996
